Country,Date,Confirmed
Africa Eastern and Southern,1970-01-01 00:00:00.000002022,720859132.0
Africa Eastern and Southern,1970-01-01 00:00:00.000002021,702977106.0
Africa Eastern and Southern,1970-01-01 00:00:00.000002020,685112979.0
Africa Eastern and Southern,1970-01-01 00:00:00.000002019,667242986.0
Africa Eastern and Southern,1970-01-01 00:00:00.000002018,649757148.0
Africa Eastern and Southern,1970-01-01 00:00:00.000002017,632746570.0
Africa Eastern and Southern,1970-01-01 00:00:00.000002016,616377605.0
Africa Eastern and Southern,1970-01-01 00:00:00.000002015,600008424.0
Africa Eastern and Southern,1970-01-01 00:00:00.000002014,583651101.0
Africa Eastern and Southern,1970-01-01 00:00:00.000002013,567892149.0
Africa Eastern and Southern,1970-01-01 00:00:00.000002012,552530654.0
Africa Eastern and Southern,1970-01-01 00:00:00.000002011,537792950.0
Africa Eastern and Southern,1970-01-01 00:00:00.000002010,523459657.0
Africa Eastern and Southern,1970-01-01 00:00:00.000002009,509410477.0
Africa Eastern and Southern,1970-01-01 00:00:00.000002008,495748900.0
Africa Eastern and Southern,1970-01-01 00:00:00.000002007,482406426.0
Africa Eastern and Southern,1970-01-01 00:00:00.000002006,469508516.0
Africa Eastern and Southern,1970-01-01 00:00:00.000002005,457153837.0
Africa Eastern and Southern,1970-01-01 00:00:00.000002004,445281555.0
Africa Eastern and Southern,1970-01-01 00:00:00.000002003,433807484.0
Africa Eastern and Southern,1970-01-01 00:00:00.000002002,422741118.0
Africa Eastern and Southern,1970-01-01 00:00:00.000002001,412001885.0
Africa Eastern and Southern,1970-01-01 00:00:00.000002000,401600588.0
Africa Eastern and Southern,1970-01-01 00:00:00.000001999,391486231.0
Africa Eastern and Southern,1970-01-01 00:00:00.000001998,381715600.0
Africa Eastern and Southern,1970-01-01 00:00:00.000001997,372352230.0
Africa Eastern and Southern,1970-01-01 00:00:00.000001996,362985802.0
Africa Eastern and Southern,1970-01-01 00:00:00.000001995,353466601.0
Africa Eastern and Southern,1970-01-01 00:00:00.000001994,344418362.0
Africa Eastern and Southern,1970-01-01 00:00:00.000001993,335625136.0
Africa Eastern and Southern,1970-01-01 00:00:00.000001992,326933522.0
Africa Eastern and Southern,1970-01-01 00:00:00.000001991,318544083.0
Africa Eastern and Southern,1970-01-01 00:00:00.000001990,309890664.0
Africa Eastern and Southern,1970-01-01 00:00:00.000001989,301124880.0
Africa Eastern and Southern,1970-01-01 00:00:00.000001988,292795186.0
Africa Eastern and Southern,1970-01-01 00:00:00.000001987,284490394.0
Africa Eastern and Southern,1970-01-01 00:00:00.000001986,276035920.0
Africa Eastern and Southern,1970-01-01 00:00:00.000001985,267938123.0
Africa Eastern and Southern,1970-01-01 00:00:00.000001984,260209149.0
Africa Eastern and Southern,1970-01-01 00:00:00.000001983,252779730.0
Africa Eastern and Southern,1970-01-01 00:00:00.000001982,245386717.0
Africa Eastern and Southern,1970-01-01 00:00:00.000001981,237937461.0
Africa Eastern and Southern,1970-01-01 00:00:00.000001980,230967858.0
Africa Eastern and Southern,1970-01-01 00:00:00.000001979,224315978.0
Africa Eastern and Southern,1970-01-01 00:00:00.000001978,217481420.0
Africa Eastern and Southern,1970-01-01 00:00:00.000001977,211120911.0
Africa Eastern and Southern,1970-01-01 00:00:00.000001976,205202669.0
Africa Eastern and Southern,1970-01-01 00:00:00.000001975,199284304.0
Africa Eastern and Southern,1970-01-01 00:00:00.000001974,193512956.0
Africa Eastern and Southern,1970-01-01 00:00:00.000001973,187901657.0
Africa Eastern and Southern,1970-01-01 00:00:00.000001972,182599092.0
Africa Eastern and Southern,1970-01-01 00:00:00.000001971,177503186.0
Africa Eastern and Southern,1970-01-01 00:00:00.000001970,172475766.0
Africa Eastern and Southern,1970-01-01 00:00:00.000001969,167596160.0
Africa Eastern and Southern,1970-01-01 00:00:00.000001968,162875171.0
Africa Eastern and Southern,1970-01-01 00:00:00.000001967,158313235.0
Africa Eastern and Southern,1970-01-01 00:00:00.000001966,153955516.0
Africa Eastern and Southern,1970-01-01 00:00:00.000001965,149742351.0
Africa Eastern and Southern,1970-01-01 00:00:00.000001964,145605995.0
Africa Eastern and Southern,1970-01-01 00:00:00.000001963,141630546.0
Africa Eastern and Southern,1970-01-01 00:00:00.000001962,137835590.0
Africa Eastern and Southern,1970-01-01 00:00:00.000001961,134169237.0
Africa Eastern and Southern,1970-01-01 00:00:00.000001960,130692579.0
Africa Western and Central,1970-01-01 00:00:00.000002022,490330870.0
Africa Western and Central,1970-01-01 00:00:00.000002021,478185907.0
Africa Western and Central,1970-01-01 00:00:00.000002020,466189102.0
Africa Western and Central,1970-01-01 00:00:00.000002019,454306063.0
Africa Western and Central,1970-01-01 00:00:00.000002018,442646825.0
Africa Western and Central,1970-01-01 00:00:00.000002017,431138704.0
Africa Western and Central,1970-01-01 00:00:00.000002016,419778384.0
Africa Western and Central,1970-01-01 00:00:00.000002015,408690375.0
Africa Western and Central,1970-01-01 00:00:00.000002014,397855507.0
Africa Western and Central,1970-01-01 00:00:00.000002013,387204553.0
Africa Western and Central,1970-01-01 00:00:00.000002012,376797999.0
Africa Western and Central,1970-01-01 00:00:00.000002011,366489204.0
Africa Western and Central,1970-01-01 00:00:00.000002010,356337762.0
Africa Western and Central,1970-01-01 00:00:00.000002009,346475221.0
Africa Western and Central,1970-01-01 00:00:00.000002008,336893835.0
Africa Western and Central,1970-01-01 00:00:00.000002007,327612838.0
Africa Western and Central,1970-01-01 00:00:00.000002006,318601484.0
Africa Western and Central,1970-01-01 00:00:00.000002005,309824829.0
Africa Western and Central,1970-01-01 00:00:00.000002004,301265247.0
Africa Western and Central,1970-01-01 00:00:00.000002003,292977949.0
Africa Western and Central,1970-01-01 00:00:00.000002002,284952322.0
Africa Western and Central,1970-01-01 00:00:00.000002001,277160097.0
Africa Western and Central,1970-01-01 00:00:00.000002000,269611898.0
Africa Western and Central,1970-01-01 00:00:00.000001999,262397030.0
Africa Western and Central,1970-01-01 00:00:00.000001998,255482918.0
Africa Western and Central,1970-01-01 00:00:00.000001997,248713095.0
Africa Western and Central,1970-01-01 00:00:00.000001996,242200260.0
Africa Western and Central,1970-01-01 00:00:00.000001995,235861484.0
Africa Western and Central,1970-01-01 00:00:00.000001994,229675775.0
Africa Western and Central,1970-01-01 00:00:00.000001993,223788766.0
Africa Western and Central,1970-01-01 00:00:00.000001992,217966101.0
Africa Western and Central,1970-01-01 00:00:00.000001991,212172888.0
Africa Western and Central,1970-01-01 00:00:00.000001990,206739024.0
Africa Western and Central,1970-01-01 00:00:00.000001989,201392200.0
Africa Western and Central,1970-01-01 00:00:00.000001988,195969722.0
Africa Western and Central,1970-01-01 00:00:00.000001987,190759952.0
Africa Western and Central,1970-01-01 00:00:00.000001986,185720244.0
Africa Western and Central,1970-01-01 00:00:00.000001985,180817312.0
Africa Western and Central,1970-01-01 00:00:00.000001984,176054495.0
Africa Western and Central,1970-01-01 00:00:00.000001983,171566640.0
Africa Western and Central,1970-01-01 00:00:00.000001982,167023385.0
Africa Western and Central,1970-01-01 00:00:00.000001981,162323313.0
Africa Western and Central,1970-01-01 00:00:00.000001980,157825609.0
Africa Western and Central,1970-01-01 00:00:00.000001979,153459665.0
Africa Western and Central,1970-01-01 00:00:00.000001978,149206663.0
Africa Western and Central,1970-01-01 00:00:00.000001977,145122851.0
Africa Western and Central,1970-01-01 00:00:00.000001976,141258400.0
Africa Western and Central,1970-01-01 00:00:00.000001975,137548613.0
Africa Western and Central,1970-01-01 00:00:00.000001974,133953892.0
Africa Western and Central,1970-01-01 00:00:00.000001973,130563107.0
Africa Western and Central,1970-01-01 00:00:00.000001972,127364044.0
Africa Western and Central,1970-01-01 00:00:00.000001971,124336039.0
Africa Western and Central,1970-01-01 00:00:00.000001970,121424797.0
Africa Western and Central,1970-01-01 00:00:00.000001969,118615741.0
Africa Western and Central,1970-01-01 00:00:00.000001968,115921723.0
Africa Western and Central,1970-01-01 00:00:00.000001967,113319950.0
Africa Western and Central,1970-01-01 00:00:00.000001966,110798486.0
Africa Western and Central,1970-01-01 00:00:00.000001965,108336203.0
Africa Western and Central,1970-01-01 00:00:00.000001964,105959979.0
Africa Western and Central,1970-01-01 00:00:00.000001963,103667517.0
Africa Western and Central,1970-01-01 00:00:00.000001962,101445032.0
Africa Western and Central,1970-01-01 00:00:00.000001961,99314028.0
Africa Western and Central,1970-01-01 00:00:00.000001960,97256290.0
Arab World,1970-01-01 00:00:00.000002022,464684914.0
Arab World,1970-01-01 00:00:00.000002021,456520777.0
Arab World,1970-01-01 00:00:00.000002020,449228296.0
Arab World,1970-01-01 00:00:00.000002019,441467739.0
Arab World,1970-01-01 00:00:00.000002018,432545676.0
Arab World,1970-01-01 00:00:00.000002017,423664839.0
Arab World,1970-01-01 00:00:00.000002016,415077960.0
Arab World,1970-01-01 00:00:00.000002015,406501999.0
Arab World,1970-01-01 00:00:00.000002014,397922915.0
Arab World,1970-01-01 00:00:00.000002013,389131555.0
Arab World,1970-01-01 00:00:00.000002012,380383408.0
Arab World,1970-01-01 00:00:00.000002011,372351065.0
Arab World,1970-01-01 00:00:00.000002010,364427661.0
Arab World,1970-01-01 00:00:00.000002009,355754908.0
Arab World,1970-01-01 00:00:00.000002008,346630443.0
Arab World,1970-01-01 00:00:00.000002007,337498222.0
Arab World,1970-01-01 00:00:00.000002006,328703057.0
Arab World,1970-01-01 00:00:00.000002005,320558754.0
Arab World,1970-01-01 00:00:00.000002004,313249616.0
Arab World,1970-01-01 00:00:00.000002003,306573087.0
Arab World,1970-01-01 00:00:00.000002002,300018650.0
Arab World,1970-01-01 00:00:00.000002001,293512340.0
Arab World,1970-01-01 00:00:00.000002000,287065982.0
Arab World,1970-01-01 00:00:00.000001999,280650496.0
Arab World,1970-01-01 00:00:00.000001998,274376380.0
Arab World,1970-01-01 00:00:00.000001997,268158920.0
Arab World,1970-01-01 00:00:00.000001996,261953764.0
Arab World,1970-01-01 00:00:00.000001995,255803349.0
Arab World,1970-01-01 00:00:00.000001994,249596194.0
Arab World,1970-01-01 00:00:00.000001993,242994250.0
Arab World,1970-01-01 00:00:00.000001992,236598334.0
Arab World,1970-01-01 00:00:00.000001991,230837072.0
Arab World,1970-01-01 00:00:00.000001990,225923327.0
Arab World,1970-01-01 00:00:00.000001989,219021375.0
Arab World,1970-01-01 00:00:00.000001988,213455083.0
Arab World,1970-01-01 00:00:00.000001987,207894127.0
Arab World,1970-01-01 00:00:00.000001986,201916517.0
Arab World,1970-01-01 00:00:00.000001985,195956917.0
Arab World,1970-01-01 00:00:00.000001984,190162096.0
Arab World,1970-01-01 00:00:00.000001983,184342569.0
Arab World,1970-01-01 00:00:00.000001982,178587926.0
Arab World,1970-01-01 00:00:00.000001981,173118753.0
Arab World,1970-01-01 00:00:00.000001980,167707208.0
Arab World,1970-01-01 00:00:00.000001979,162014425.0
Arab World,1970-01-01 00:00:00.000001978,156741680.0
Arab World,1970-01-01 00:00:00.000001977,151960544.0
Arab World,1970-01-01 00:00:00.000001976,146815543.0
Arab World,1970-01-01 00:00:00.000001975,141756318.0
Arab World,1970-01-01 00:00:00.000001974,137372356.0
Arab World,1970-01-01 00:00:00.000001973,133384981.0
Arab World,1970-01-01 00:00:00.000001972,129605560.0
Arab World,1970-01-01 00:00:00.000001971,125979765.0
Arab World,1970-01-01 00:00:00.000001970,122475578.0
Arab World,1970-01-01 00:00:00.000001969,119061868.0
Arab World,1970-01-01 00:00:00.000001968,115729597.0
Arab World,1970-01-01 00:00:00.000001967,112499764.0
Arab World,1970-01-01 00:00:00.000001966,109394536.0
Arab World,1970-01-01 00:00:00.000001965,106444103.0
Arab World,1970-01-01 00:00:00.000001964,103618568.0
Arab World,1970-01-01 00:00:00.000001963,100892507.0
Arab World,1970-01-01 00:00:00.000001962,98268683.0
Arab World,1970-01-01 00:00:00.000001961,95760348.0
Arab World,1970-01-01 00:00:00.000001960,93359407.0
Caribbean small states,1970-01-01 00:00:00.000002022,7505478.0
Caribbean small states,1970-01-01 00:00:00.000002021,7481877.0
Caribbean small states,1970-01-01 00:00:00.000002020,7444768.0
Caribbean small states,1970-01-01 00:00:00.000002019,7424102.0
Caribbean small states,1970-01-01 00:00:00.000002018,7374650.0
Caribbean small states,1970-01-01 00:00:00.000002017,7303634.0
Caribbean small states,1970-01-01 00:00:00.000002016,7265272.0
Caribbean small states,1970-01-01 00:00:00.000002015,7224602.0
Caribbean small states,1970-01-01 00:00:00.000002014,7181044.0
Caribbean small states,1970-01-01 00:00:00.000002013,7135884.0
Caribbean small states,1970-01-01 00:00:00.000002012,7088996.0
Caribbean small states,1970-01-01 00:00:00.000002011,7044357.0
Caribbean small states,1970-01-01 00:00:00.000002010,7004428.0
Caribbean small states,1970-01-01 00:00:00.000002009,6964240.0
Caribbean small states,1970-01-01 00:00:00.000002008,6923924.0
Caribbean small states,1970-01-01 00:00:00.000002007,6884705.0
Caribbean small states,1970-01-01 00:00:00.000002006,6844183.0
Caribbean small states,1970-01-01 00:00:00.000002005,6802474.0
Caribbean small states,1970-01-01 00:00:00.000002004,6760372.0
Caribbean small states,1970-01-01 00:00:00.000002003,6716747.0
Caribbean small states,1970-01-01 00:00:00.000002002,6671842.0
Caribbean small states,1970-01-01 00:00:00.000002001,6626803.0
Caribbean small states,1970-01-01 00:00:00.000002000,6582141.0
Caribbean small states,1970-01-01 00:00:00.000001999,6535399.0
Caribbean small states,1970-01-01 00:00:00.000001998,6484492.0
Caribbean small states,1970-01-01 00:00:00.000001997,6430969.0
Caribbean small states,1970-01-01 00:00:00.000001996,6376465.0
Caribbean small states,1970-01-01 00:00:00.000001995,6319517.0
Caribbean small states,1970-01-01 00:00:00.000001994,6261744.0
Caribbean small states,1970-01-01 00:00:00.000001993,6206775.0
Caribbean small states,1970-01-01 00:00:00.000001992,6152432.0
Caribbean small states,1970-01-01 00:00:00.000001991,6100213.0
Caribbean small states,1970-01-01 00:00:00.000001990,6057836.0
Caribbean small states,1970-01-01 00:00:00.000001989,6020383.0
Caribbean small states,1970-01-01 00:00:00.000001988,5980371.0
Caribbean small states,1970-01-01 00:00:00.000001987,5939439.0
Caribbean small states,1970-01-01 00:00:00.000001986,5894393.0
Caribbean small states,1970-01-01 00:00:00.000001985,5841960.0
Caribbean small states,1970-01-01 00:00:00.000001984,5785882.0
Caribbean small states,1970-01-01 00:00:00.000001983,5727558.0
Caribbean small states,1970-01-01 00:00:00.000001982,5666254.0
Caribbean small states,1970-01-01 00:00:00.000001981,5604584.0
Caribbean small states,1970-01-01 00:00:00.000001980,5544061.0
Caribbean small states,1970-01-01 00:00:00.000001979,5486916.0
Caribbean small states,1970-01-01 00:00:00.000001978,5432222.0
Caribbean small states,1970-01-01 00:00:00.000001977,5377263.0
Caribbean small states,1970-01-01 00:00:00.000001976,5322281.0
Caribbean small states,1970-01-01 00:00:00.000001975,5266374.0
Caribbean small states,1970-01-01 00:00:00.000001974,5208944.0
Caribbean small states,1970-01-01 00:00:00.000001973,5150123.0
Caribbean small states,1970-01-01 00:00:00.000001972,5090052.0
Caribbean small states,1970-01-01 00:00:00.000001971,5023876.0
Caribbean small states,1970-01-01 00:00:00.000001970,4953314.0
Caribbean small states,1970-01-01 00:00:00.000001969,4883868.0
Caribbean small states,1970-01-01 00:00:00.000001968,4813958.0
Caribbean small states,1970-01-01 00:00:00.000001967,4743053.0
Caribbean small states,1970-01-01 00:00:00.000001966,4670465.0
Caribbean small states,1970-01-01 00:00:00.000001965,4596245.0
Caribbean small states,1970-01-01 00:00:00.000001964,4520592.0
Caribbean small states,1970-01-01 00:00:00.000001963,4443544.0
Caribbean small states,1970-01-01 00:00:00.000001962,4366420.0
Caribbean small states,1970-01-01 00:00:00.000001961,4289429.0
Caribbean small states,1970-01-01 00:00:00.000001960,4209141.0
Central Europe and the Baltics,1970-01-01 00:00:00.000002022,100108221.0
Central Europe and the Baltics,1970-01-01 00:00:00.000002021,101413176.0
Central Europe and the Baltics,1970-01-01 00:00:00.000002020,102180124.0
Central Europe and the Baltics,1970-01-01 00:00:00.000002019,102398537.0
Central Europe and the Baltics,1970-01-01 00:00:00.000002018,102538451.0
Central Europe and the Baltics,1970-01-01 00:00:00.000002017,102740078.0
Central Europe and the Baltics,1970-01-01 00:00:00.000002016,102994278.0
Central Europe and the Baltics,1970-01-01 00:00:00.000002015,103257886.0
Central Europe and the Baltics,1970-01-01 00:00:00.000002014,103496179.0
Central Europe and the Baltics,1970-01-01 00:00:00.000002013,103713726.0
Central Europe and the Baltics,1970-01-01 00:00:00.000002012,103935318.0
Central Europe and the Baltics,1970-01-01 00:00:00.000002011,104174038.0
Central Europe and the Baltics,1970-01-01 00:00:00.000002010,104421447.0
Central Europe and the Baltics,1970-01-01 00:00:00.000002009,104800475.0
Central Europe and the Baltics,1970-01-01 00:00:00.000002008,105001883.0
Central Europe and the Baltics,1970-01-01 00:00:00.000002007,105378748.0
Central Europe and the Baltics,1970-01-01 00:00:00.000002006,105772481.0
Central Europe and the Baltics,1970-01-01 00:00:00.000002005,106041911.0
Central Europe and the Baltics,1970-01-01 00:00:00.000002004,106331716.0
Central Europe and the Baltics,1970-01-01 00:00:00.000002003,106624167.0
Central Europe and the Baltics,1970-01-01 00:00:00.000002002,106959751.0
Central Europe and the Baltics,1970-01-01 00:00:00.000002001,107660041.0
Central Europe and the Baltics,1970-01-01 00:00:00.000002000,108447824.0
Central Europe and the Baltics,1970-01-01 00:00:00.000001999,109060951.0
Central Europe and the Baltics,1970-01-01 00:00:00.000001998,109238340.0
Central Europe and the Baltics,1970-01-01 00:00:00.000001997,109422013.0
Central Europe and the Baltics,1970-01-01 00:00:00.000001996,109626194.0
Central Europe and the Baltics,1970-01-01 00:00:00.000001995,109864246.0
Central Europe and the Baltics,1970-01-01 00:00:00.000001994,110021594.0
Central Europe and the Baltics,1970-01-01 00:00:00.000001993,110041924.0
Central Europe and the Baltics,1970-01-01 00:00:00.000001992,110111454.0
Central Europe and the Baltics,1970-01-01 00:00:00.000001991,110469467.0
Central Europe and the Baltics,1970-01-01 00:00:00.000001990,110743128.0
Central Europe and the Baltics,1970-01-01 00:00:00.000001989,110801640.0
Central Europe and the Baltics,1970-01-01 00:00:00.000001988,110686740.0
Central Europe and the Baltics,1970-01-01 00:00:00.000001987,110296425.0
Central Europe and the Baltics,1970-01-01 00:00:00.000001986,109824166.0
Central Europe and the Baltics,1970-01-01 00:00:00.000001985,109338285.0
Central Europe and the Baltics,1970-01-01 00:00:00.000001984,108838073.0
Central Europe and the Baltics,1970-01-01 00:00:00.000001983,108297837.0
Central Europe and the Baltics,1970-01-01 00:00:00.000001982,107730380.0
Central Europe and the Baltics,1970-01-01 00:00:00.000001981,107129392.0
Central Europe and the Baltics,1970-01-01 00:00:00.000001980,106541316.0
Central Europe and the Baltics,1970-01-01 00:00:00.000001979,105948616.0
Central Europe and the Baltics,1970-01-01 00:00:00.000001978,105329397.0
Central Europe and the Baltics,1970-01-01 00:00:00.000001977,104616884.0
Central Europe and the Baltics,1970-01-01 00:00:00.000001976,103776068.0
Central Europe and the Baltics,1970-01-01 00:00:00.000001975,102860571.0
Central Europe and the Baltics,1970-01-01 00:00:00.000001974,101939916.0
Central Europe and the Baltics,1970-01-01 00:00:00.000001973,101112680.0
Central Europe and the Baltics,1970-01-01 00:00:00.000001972,100357161.0
Central Europe and the Baltics,1970-01-01 00:00:00.000001971,99635258.0
Central Europe and the Baltics,1970-01-01 00:00:00.000001970,99134548.0
Central Europe and the Baltics,1970-01-01 00:00:00.000001969,98606630.0
Central Europe and the Baltics,1970-01-01 00:00:00.000001968,97884022.0
Central Europe and the Baltics,1970-01-01 00:00:00.000001967,97043270.0
Central Europe and the Baltics,1970-01-01 00:00:00.000001966,96146336.0
Central Europe and the Baltics,1970-01-01 00:00:00.000001965,95440988.0
Central Europe and the Baltics,1970-01-01 00:00:00.000001964,94715795.0
Central Europe and the Baltics,1970-01-01 00:00:00.000001963,93840016.0
Central Europe and the Baltics,1970-01-01 00:00:00.000001962,93009498.0
Central Europe and the Baltics,1970-01-01 00:00:00.000001961,92232738.0
Central Europe and the Baltics,1970-01-01 00:00:00.000001960,91401764.0
Early-demographic dividend,1970-01-01 00:00:00.000002022,3447398652.0
Early-demographic dividend,1970-01-01 00:00:00.000002021,3411268373.0
Early-demographic dividend,1970-01-01 00:00:00.000002020,3374383528.0
Early-demographic dividend,1970-01-01 00:00:00.000002019,3334561751.0
Early-demographic dividend,1970-01-01 00:00:00.000002018,3292896609.0
Early-demographic dividend,1970-01-01 00:00:00.000002017,3250752755.0
Early-demographic dividend,1970-01-01 00:00:00.000002016,3208369547.0
Early-demographic dividend,1970-01-01 00:00:00.000002015,3165214886.0
Early-demographic dividend,1970-01-01 00:00:00.000002014,3121656203.0
Early-demographic dividend,1970-01-01 00:00:00.000002013,3078407213.0
Early-demographic dividend,1970-01-01 00:00:00.000002012,3035159632.0
Early-demographic dividend,1970-01-01 00:00:00.000002011,2991403487.0
Early-demographic dividend,1970-01-01 00:00:00.000002010,2946285613.0
Early-demographic dividend,1970-01-01 00:00:00.000002009,2901329923.0
Early-demographic dividend,1970-01-01 00:00:00.000002008,2857587007.0
Early-demographic dividend,1970-01-01 00:00:00.000002007,2813790790.0
Early-demographic dividend,1970-01-01 00:00:00.000002006,2769421149.0
Early-demographic dividend,1970-01-01 00:00:00.000002005,2725013738.0
Early-demographic dividend,1970-01-01 00:00:00.000002004,2680567394.0
Early-demographic dividend,1970-01-01 00:00:00.000002003,2635731526.0
Early-demographic dividend,1970-01-01 00:00:00.000002002,2591204247.0
Early-demographic dividend,1970-01-01 00:00:00.000002001,2545843129.0
Early-demographic dividend,1970-01-01 00:00:00.000002000,2499206970.0
Early-demographic dividend,1970-01-01 00:00:00.000001999,2452952807.0
Early-demographic dividend,1970-01-01 00:00:00.000001998,2407186134.0
Early-demographic dividend,1970-01-01 00:00:00.000001997,2361095210.0
Early-demographic dividend,1970-01-01 00:00:00.000001996,2314334474.0
Early-demographic dividend,1970-01-01 00:00:00.000001995,2267616622.0
Early-demographic dividend,1970-01-01 00:00:00.000001994,2223076958.0
Early-demographic dividend,1970-01-01 00:00:00.000001993,2179380224.0
Early-demographic dividend,1970-01-01 00:00:00.000001992,2134566607.0
Early-demographic dividend,1970-01-01 00:00:00.000001991,2088580891.0
Early-demographic dividend,1970-01-01 00:00:00.000001990,2041043553.0
Early-demographic dividend,1970-01-01 00:00:00.000001989,1992092223.0
Early-demographic dividend,1970-01-01 00:00:00.000001988,1946149314.0
Early-demographic dividend,1970-01-01 00:00:00.000001987,1900589995.0
Early-demographic dividend,1970-01-01 00:00:00.000001986,1855624329.0
Early-demographic dividend,1970-01-01 00:00:00.000001985,1811272313.0
Early-demographic dividend,1970-01-01 00:00:00.000001984,1767765290.0
Early-demographic dividend,1970-01-01 00:00:00.000001983,1724928292.0
Early-demographic dividend,1970-01-01 00:00:00.000001982,1682434337.0
Early-demographic dividend,1970-01-01 00:00:00.000001981,1639825731.0
Early-demographic dividend,1970-01-01 00:00:00.000001980,1598348344.0
Early-demographic dividend,1970-01-01 00:00:00.000001979,1559348459.0
Early-demographic dividend,1970-01-01 00:00:00.000001978,1521983049.0
Early-demographic dividend,1970-01-01 00:00:00.000001977,1485833546.0
Early-demographic dividend,1970-01-01 00:00:00.000001976,1450710647.0
Early-demographic dividend,1970-01-01 00:00:00.000001975,1416414404.0
Early-demographic dividend,1970-01-01 00:00:00.000001974,1382608576.0
Early-demographic dividend,1970-01-01 00:00:00.000001973,1349249410.0
Early-demographic dividend,1970-01-01 00:00:00.000001972,1316555228.0
Early-demographic dividend,1970-01-01 00:00:00.000001971,1285672098.0
Early-demographic dividend,1970-01-01 00:00:00.000001970,1255661025.0
Early-demographic dividend,1970-01-01 00:00:00.000001969,1225287413.0
Early-demographic dividend,1970-01-01 00:00:00.000001968,1195278339.0
Early-demographic dividend,1970-01-01 00:00:00.000001967,1166092667.0
Early-demographic dividend,1970-01-01 00:00:00.000001966,1137875812.0
Early-demographic dividend,1970-01-01 00:00:00.000001965,1110603410.0
Early-demographic dividend,1970-01-01 00:00:00.000001964,1083430197.0
Early-demographic dividend,1970-01-01 00:00:00.000001963,1056327420.0
Early-demographic dividend,1970-01-01 00:00:00.000001962,1029962253.0
Early-demographic dividend,1970-01-01 00:00:00.000001961,1004319366.0
Early-demographic dividend,1970-01-01 00:00:00.000001960,979461502.0
East Asia & Pacific,1970-01-01 00:00:00.000002022,2375162207.0
East Asia & Pacific,1970-01-01 00:00:00.000002021,2370189840.0
East Asia & Pacific,1970-01-01 00:00:00.000002020,2363934334.0
East Asia & Pacific,1970-01-01 00:00:00.000002019,2353856866.0
East Asia & Pacific,1970-01-01 00:00:00.000002018,2341383691.0
East Asia & Pacific,1970-01-01 00:00:00.000002017,2327132966.0
East Asia & Pacific,1970-01-01 00:00:00.000002016,2310721864.0
East Asia & Pacific,1970-01-01 00:00:00.000002015,2294507020.0
East Asia & Pacific,1970-01-01 00:00:00.000002014,2278232287.0
East Asia & Pacific,1970-01-01 00:00:00.000002013,2261274500.0
East Asia & Pacific,1970-01-01 00:00:00.000002012,2243776727.0
East Asia & Pacific,1970-01-01 00:00:00.000002011,2225992094.0
East Asia & Pacific,1970-01-01 00:00:00.000002010,2210203758.0
East Asia & Pacific,1970-01-01 00:00:00.000002009,2195169711.0
East Asia & Pacific,1970-01-01 00:00:00.000002008,2179914111.0
East Asia & Pacific,1970-01-01 00:00:00.000002007,2164155292.0
East Asia & Pacific,1970-01-01 00:00:00.000002006,2148405823.0
East Asia & Pacific,1970-01-01 00:00:00.000002005,2132517760.0
East Asia & Pacific,1970-01-01 00:00:00.000002004,2116651449.0
East Asia & Pacific,1970-01-01 00:00:00.000002003,2100610344.0
East Asia & Pacific,1970-01-01 00:00:00.000002002,2083969920.0
East Asia & Pacific,1970-01-01 00:00:00.000002001,2066530023.0
East Asia & Pacific,1970-01-01 00:00:00.000002000,2048148696.0
East Asia & Pacific,1970-01-01 00:00:00.000001999,2028993034.0
East Asia & Pacific,1970-01-01 00:00:00.000001998,2008680261.0
East Asia & Pacific,1970-01-01 00:00:00.000001997,1986768093.0
East Asia & Pacific,1970-01-01 00:00:00.000001996,1964042971.0
East Asia & Pacific,1970-01-01 00:00:00.000001995,1940892820.0
East Asia & Pacific,1970-01-01 00:00:00.000001994,1917553356.0
East Asia & Pacific,1970-01-01 00:00:00.000001993,1893594516.0
East Asia & Pacific,1970-01-01 00:00:00.000001992,1869453624.0
East Asia & Pacific,1970-01-01 00:00:00.000001991,1844603995.0
East Asia & Pacific,1970-01-01 00:00:00.000001990,1818247576.0
East Asia & Pacific,1970-01-01 00:00:00.000001989,1791156275.0
East Asia & Pacific,1970-01-01 00:00:00.000001988,1763555005.0
East Asia & Pacific,1970-01-01 00:00:00.000001987,1735427884.0
East Asia & Pacific,1970-01-01 00:00:00.000001986,1707611028.0
East Asia & Pacific,1970-01-01 00:00:00.000001985,1681267266.0
East Asia & Pacific,1970-01-01 00:00:00.000001984,1656258164.0
East Asia & Pacific,1970-01-01 00:00:00.000001983,1631735726.0
East Asia & Pacific,1970-01-01 00:00:00.000001982,1605925794.0
East Asia & Pacific,1970-01-01 00:00:00.000001981,1580048609.0
East Asia & Pacific,1970-01-01 00:00:00.000001980,1556403010.0
East Asia & Pacific,1970-01-01 00:00:00.000001979,1533514709.0
East Asia & Pacific,1970-01-01 00:00:00.000001978,1510060320.0
East Asia & Pacific,1970-01-01 00:00:00.000001977,1486953865.0
East Asia & Pacific,1970-01-01 00:00:00.000001976,1464087148.0
East Asia & Pacific,1970-01-01 00:00:00.000001975,1439944265.0
East Asia & Pacific,1970-01-01 00:00:00.000001974,1413718269.0
East Asia & Pacific,1970-01-01 00:00:00.000001973,1384704173.0
East Asia & Pacific,1970-01-01 00:00:00.000001972,1354211283.0
East Asia & Pacific,1970-01-01 00:00:00.000001971,1322732627.0
East Asia & Pacific,1970-01-01 00:00:00.000001970,1288490485.0
East Asia & Pacific,1970-01-01 00:00:00.000001969,1255933616.0
East Asia & Pacific,1970-01-01 00:00:00.000001968,1224255729.0
East Asia & Pacific,1970-01-01 00:00:00.000001967,1194567141.0
East Asia & Pacific,1970-01-01 00:00:00.000001966,1166227679.0
East Asia & Pacific,1970-01-01 00:00:00.000001965,1136927045.0
East Asia & Pacific,1970-01-01 00:00:00.000001964,1110819272.0
East Asia & Pacific,1970-01-01 00:00:00.000001963,1085398906.0
East Asia & Pacific,1970-01-01 00:00:00.000001962,1059600211.0
East Asia & Pacific,1970-01-01 00:00:00.000001961,1045203037.0
East Asia & Pacific,1970-01-01 00:00:00.000001960,1043333636.0
East Asia & Pacific (excluding high income),1970-01-01 00:00:00.000002022,2129112126.0
East Asia & Pacific (excluding high income),1970-01-01 00:00:00.000002021,2123628421.0
East Asia & Pacific (excluding high income),1970-01-01 00:00:00.000002020,2116378687.0
East Asia & Pacific (excluding high income),1970-01-01 00:00:00.000002019,2106391925.0
East Asia & Pacific (excluding high income),1970-01-01 00:00:00.000002018,2094524854.0
East Asia & Pacific (excluding high income),1970-01-01 00:00:00.000002017,2080919319.0
East Asia & Pacific (excluding high income),1970-01-01 00:00:00.000002016,2065173002.0
East Asia & Pacific (excluding high income),1970-01-01 00:00:00.000002015,2049757846.0
East Asia & Pacific (excluding high income),1970-01-01 00:00:00.000002014,2034264880.0
East Asia & Pacific (excluding high income),1970-01-01 00:00:00.000002013,2018068461.0
East Asia & Pacific (excluding high income),1970-01-01 00:00:00.000002012,2001264155.0
East Asia & Pacific (excluding high income),1970-01-01 00:00:00.000002011,1984267781.0
East Asia & Pacific (excluding high income),1970-01-01 00:00:00.000002010,1969186913.0
East Asia & Pacific (excluding high income),1970-01-01 00:00:00.000002009,1955042105.0
East Asia & Pacific (excluding high income),1970-01-01 00:00:00.000002008,1940768141.0
East Asia & Pacific (excluding high income),1970-01-01 00:00:00.000002007,1926306467.0
East Asia & Pacific (excluding high income),1970-01-01 00:00:00.000002006,1911721676.0
East Asia & Pacific (excluding high income),1970-01-01 00:00:00.000002005,1896788261.0
East Asia & Pacific (excluding high income),1970-01-01 00:00:00.000002004,1881561559.0
East Asia & Pacific (excluding high income),1970-01-01 00:00:00.000002003,1866240858.0
East Asia & Pacific (excluding high income),1970-01-01 00:00:00.000002002,1850472928.0
East Asia & Pacific (excluding high income),1970-01-01 00:00:00.000002001,1834101877.0
East Asia & Pacific (excluding high income),1970-01-01 00:00:00.000002000,1817006555.0
East Asia & Pacific (excluding high income),1970-01-01 00:00:00.000001999,1799013672.0
East Asia & Pacific (excluding high income),1970-01-01 00:00:00.000001998,1779787562.0
East Asia & Pacific (excluding high income),1970-01-01 00:00:00.000001997,1759221230.0
East Asia & Pacific (excluding high income),1970-01-01 00:00:00.000001996,1737860521.0
East Asia & Pacific (excluding high income),1970-01-01 00:00:00.000001995,1716327374.0
East Asia & Pacific (excluding high income),1970-01-01 00:00:00.000001994,1694420555.0
East Asia & Pacific (excluding high income),1970-01-01 00:00:00.000001993,1671947065.0
East Asia & Pacific (excluding high income),1970-01-01 00:00:00.000001992,1649253074.0
East Asia & Pacific (excluding high income),1970-01-01 00:00:00.000001991,1625903768.0
East Asia & Pacific (excluding high income),1970-01-01 00:00:00.000001990,1601237332.0
East Asia & Pacific (excluding high income),1970-01-01 00:00:00.000001989,1575650445.0
East Asia & Pacific (excluding high income),1970-01-01 00:00:00.000001988,1549652503.0
East Asia & Pacific (excluding high income),1970-01-01 00:00:00.000001987,1523099223.0
East Asia & Pacific (excluding high income),1970-01-01 00:00:00.000001986,1496890002.0
East Asia & Pacific (excluding high income),1970-01-01 00:00:00.000001985,1472149294.0
East Asia & Pacific (excluding high income),1970-01-01 00:00:00.000001984,1448880261.0
East Asia & Pacific (excluding high income),1970-01-01 00:00:00.000001983,1426256004.0
East Asia & Pacific (excluding high income),1970-01-01 00:00:00.000001982,1402554740.0
East Asia & Pacific (excluding high income),1970-01-01 00:00:00.000001981,1378941521.0
East Asia & Pacific (excluding high income),1970-01-01 00:00:00.000001980,1357581175.0
East Asia & Pacific (excluding high income),1970-01-01 00:00:00.000001979,1336893795.0
East Asia & Pacific (excluding high income),1970-01-01 00:00:00.000001978,1315761974.0
East Asia & Pacific (excluding high income),1970-01-01 00:00:00.000001977,1294858852.0
East Asia & Pacific (excluding high income),1970-01-01 00:00:00.000001976,1274263611.0
East Asia & Pacific (excluding high income),1970-01-01 00:00:00.000001975,1252485369.0
East Asia & Pacific (excluding high income),1970-01-01 00:00:00.000001974,1228909243.0
East Asia & Pacific (excluding high income),1970-01-01 00:00:00.000001973,1202812613.0
East Asia & Pacific (excluding high income),1970-01-01 00:00:00.000001972,1175156192.0
East Asia & Pacific (excluding high income),1970-01-01 00:00:00.000001971,1146525253.0
East Asia & Pacific (excluding high income),1970-01-01 00:00:00.000001970,1116182140.0
East Asia & Pacific (excluding high income),1970-01-01 00:00:00.000001969,1086458654.0
East Asia & Pacific (excluding high income),1970-01-01 00:00:00.000001968,1057594845.0
East Asia & Pacific (excluding high income),1970-01-01 00:00:00.000001967,1030453856.0
East Asia & Pacific (excluding high income),1970-01-01 00:00:00.000001966,1004333893.0
East Asia & Pacific (excluding high income),1970-01-01 00:00:00.000001965,977493628.0
East Asia & Pacific (excluding high income),1970-01-01 00:00:00.000001964,953987755.0
East Asia & Pacific (excluding high income),1970-01-01 00:00:00.000001963,931114057.0
East Asia & Pacific (excluding high income),1970-01-01 00:00:00.000001962,907858935.0
East Asia & Pacific (excluding high income),1970-01-01 00:00:00.000001961,895992255.0
East Asia & Pacific (excluding high income),1970-01-01 00:00:00.000001960,896462247.0
East Asia & Pacific (IDA & IBRD countries),1970-01-01 00:00:00.000002022,2103055378.0
East Asia & Pacific (IDA & IBRD countries),1970-01-01 00:00:00.000002021,2097669023.0
East Asia & Pacific (IDA & IBRD countries),1970-01-01 00:00:00.000002020,2090523535.0
East Asia & Pacific (IDA & IBRD countries),1970-01-01 00:00:00.000002019,2080648616.0
East Asia & Pacific (IDA & IBRD countries),1970-01-01 00:00:00.000002018,2068898629.0
East Asia & Pacific (IDA & IBRD countries),1970-01-01 00:00:00.000002017,2055414680.0
East Asia & Pacific (IDA & IBRD countries),1970-01-01 00:00:00.000002016,2039794828.0
East Asia & Pacific (IDA & IBRD countries),1970-01-01 00:00:00.000002015,2024511016.0
East Asia & Pacific (IDA & IBRD countries),1970-01-01 00:00:00.000002014,2009149689.0
East Asia & Pacific (IDA & IBRD countries),1970-01-01 00:00:00.000002013,1993077336.0
East Asia & Pacific (IDA & IBRD countries),1970-01-01 00:00:00.000002012,1976386829.0
East Asia & Pacific (IDA & IBRD countries),1970-01-01 00:00:00.000002011,1959494275.0
East Asia & Pacific (IDA & IBRD countries),1970-01-01 00:00:00.000002010,1944510719.0
East Asia & Pacific (IDA & IBRD countries),1970-01-01 00:00:00.000002009,1930470829.0
East Asia & Pacific (IDA & IBRD countries),1970-01-01 00:00:00.000002008,1916309337.0
East Asia & Pacific (IDA & IBRD countries),1970-01-01 00:00:00.000002007,1901960228.0
East Asia & Pacific (IDA & IBRD countries),1970-01-01 00:00:00.000002006,1887496209.0
East Asia & Pacific (IDA & IBRD countries),1970-01-01 00:00:00.000002005,1872697597.0
East Asia & Pacific (IDA & IBRD countries),1970-01-01 00:00:00.000002004,1857622964.0
East Asia & Pacific (IDA & IBRD countries),1970-01-01 00:00:00.000002003,1842469495.0
East Asia & Pacific (IDA & IBRD countries),1970-01-01 00:00:00.000002002,1826844868.0
East Asia & Pacific (IDA & IBRD countries),1970-01-01 00:00:00.000002001,1810599718.0
East Asia & Pacific (IDA & IBRD countries),1970-01-01 00:00:00.000002000,1793649873.0
East Asia & Pacific (IDA & IBRD countries),1970-01-01 00:00:00.000001999,1775819557.0
East Asia & Pacific (IDA & IBRD countries),1970-01-01 00:00:00.000001998,1756774303.0
East Asia & Pacific (IDA & IBRD countries),1970-01-01 00:00:00.000001997,1736404220.0
East Asia & Pacific (IDA & IBRD countries),1970-01-01 00:00:00.000001996,1715256519.0
East Asia & Pacific (IDA & IBRD countries),1970-01-01 00:00:00.000001995,1693952154.0
East Asia & Pacific (IDA & IBRD countries),1970-01-01 00:00:00.000001994,1672325604.0
East Asia & Pacific (IDA & IBRD countries),1970-01-01 00:00:00.000001993,1650184274.0
East Asia & Pacific (IDA & IBRD countries),1970-01-01 00:00:00.000001992,1627823212.0
East Asia & Pacific (IDA & IBRD countries),1970-01-01 00:00:00.000001991,1604798136.0
East Asia & Pacific (IDA & IBRD countries),1970-01-01 00:00:00.000001990,1580447407.0
East Asia & Pacific (IDA & IBRD countries),1970-01-01 00:00:00.000001989,1555164786.0
East Asia & Pacific (IDA & IBRD countries),1970-01-01 00:00:00.000001988,1529464061.0
East Asia & Pacific (IDA & IBRD countries),1970-01-01 00:00:00.000001987,1503204089.0
East Asia & Pacific (IDA & IBRD countries),1970-01-01 00:00:00.000001986,1477285491.0
East Asia & Pacific (IDA & IBRD countries),1970-01-01 00:00:00.000001985,1452832120.0
East Asia & Pacific (IDA & IBRD countries),1970-01-01 00:00:00.000001984,1429843232.0
East Asia & Pacific (IDA & IBRD countries),1970-01-01 00:00:00.000001983,1407492473.0
East Asia & Pacific (IDA & IBRD countries),1970-01-01 00:00:00.000001982,1384060325.0
East Asia & Pacific (IDA & IBRD countries),1970-01-01 00:00:00.000001981,1360714010.0
East Asia & Pacific (IDA & IBRD countries),1970-01-01 00:00:00.000001980,1339615160.0
East Asia & Pacific (IDA & IBRD countries),1970-01-01 00:00:00.000001979,1319182209.0
East Asia & Pacific (IDA & IBRD countries),1970-01-01 00:00:00.000001978,1298297421.0
East Asia & Pacific (IDA & IBRD countries),1970-01-01 00:00:00.000001977,1277634904.0
East Asia & Pacific (IDA & IBRD countries),1970-01-01 00:00:00.000001976,1257283747.0
East Asia & Pacific (IDA & IBRD countries),1970-01-01 00:00:00.000001975,1235769316.0
East Asia & Pacific (IDA & IBRD countries),1970-01-01 00:00:00.000001974,1212479337.0
East Asia & Pacific (IDA & IBRD countries),1970-01-01 00:00:00.000001973,1186691481.0
East Asia & Pacific (IDA & IBRD countries),1970-01-01 00:00:00.000001972,1159394712.0
East Asia & Pacific (IDA & IBRD countries),1970-01-01 00:00:00.000001971,1131150405.0
East Asia & Pacific (IDA & IBRD countries),1970-01-01 00:00:00.000001970,1101191924.0
East Asia & Pacific (IDA & IBRD countries),1970-01-01 00:00:00.000001969,1071859681.0
East Asia & Pacific (IDA & IBRD countries),1970-01-01 00:00:00.000001968,1043384828.0
East Asia & Pacific (IDA & IBRD countries),1970-01-01 00:00:00.000001967,1016638561.0
East Asia & Pacific (IDA & IBRD countries),1970-01-01 00:00:00.000001966,990895866.0
East Asia & Pacific (IDA & IBRD countries),1970-01-01 00:00:00.000001965,964393486.0
East Asia & Pacific (IDA & IBRD countries),1970-01-01 00:00:00.000001964,941205716.0
East Asia & Pacific (IDA & IBRD countries),1970-01-01 00:00:00.000001963,918644019.0
East Asia & Pacific (IDA & IBRD countries),1970-01-01 00:00:00.000001962,895683380.0
East Asia & Pacific (IDA & IBRD countries),1970-01-01 00:00:00.000001961,884080493.0
East Asia & Pacific (IDA & IBRD countries),1970-01-01 00:00:00.000001960,884811163.0
Euro area,1970-01-01 00:00:00.000002022,348331511.0
Euro area,1970-01-01 00:00:00.000002021,346942979.0
Euro area,1970-01-01 00:00:00.000002020,346961127.0
Euro area,1970-01-01 00:00:00.000002019,346517987.0
Euro area,1970-01-01 00:00:00.000002018,346153001.0
Euro area,1970-01-01 00:00:00.000002017,345370612.0
Euro area,1970-01-01 00:00:00.000002016,344683796.0
Euro area,1970-01-01 00:00:00.000002015,343718279.0
Euro area,1970-01-01 00:00:00.000002014,342725321.0
Euro area,1970-01-01 00:00:00.000002013,341584506.0
Euro area,1970-01-01 00:00:00.000002012,340450693.0
Euro area,1970-01-01 00:00:00.000002011,339722971.0
Euro area,1970-01-01 00:00:00.000002010,340467048.0
Euro area,1970-01-01 00:00:00.000002009,339682801.0
Euro area,1970-01-01 00:00:00.000002008,338599969.0
Euro area,1970-01-01 00:00:00.000002007,336971054.0
Euro area,1970-01-01 00:00:00.000002006,335250759.0
Euro area,1970-01-01 00:00:00.000002005,333709006.0
Euro area,1970-01-01 00:00:00.000002004,332006792.0
Euro area,1970-01-01 00:00:00.000002003,330208234.0
Euro area,1970-01-01 00:00:00.000002002,328443707.0
Euro area,1970-01-01 00:00:00.000002001,326862028.0
Euro area,1970-01-01 00:00:00.000002000,325792924.0
Euro area,1970-01-01 00:00:00.000001999,324784751.0
Euro area,1970-01-01 00:00:00.000001998,323978576.0
Euro area,1970-01-01 00:00:00.000001997,323308056.0
Euro area,1970-01-01 00:00:00.000001996,322570180.0
Euro area,1970-01-01 00:00:00.000001995,321810273.0
Euro area,1970-01-01 00:00:00.000001994,321026530.0
Euro area,1970-01-01 00:00:00.000001993,320056200.0
Euro area,1970-01-01 00:00:00.000001992,318746422.0
Euro area,1970-01-01 00:00:00.000001991,317411362.0
Euro area,1970-01-01 00:00:00.000001990,315870845.0
Euro area,1970-01-01 00:00:00.000001989,314457467.0
Euro area,1970-01-01 00:00:00.000001988,313147164.0
Euro area,1970-01-01 00:00:00.000001987,312125526.0
Euro area,1970-01-01 00:00:00.000001986,311282260.0
Euro area,1970-01-01 00:00:00.000001985,310521622.0
Euro area,1970-01-01 00:00:00.000001984,309939418.0
Euro area,1970-01-01 00:00:00.000001983,309428033.0
Euro area,1970-01-01 00:00:00.000001982,308788172.0
Euro area,1970-01-01 00:00:00.000001981,307893389.0
Euro area,1970-01-01 00:00:00.000001980,306668989.0
Euro area,1970-01-01 00:00:00.000001979,305309331.0
Euro area,1970-01-01 00:00:00.000001978,304018977.0
Euro area,1970-01-01 00:00:00.000001977,302746591.0
Euro area,1970-01-01 00:00:00.000001976,301525335.0
Euro area,1970-01-01 00:00:00.000001975,300215183.0
Euro area,1970-01-01 00:00:00.000001974,298719155.0
Euro area,1970-01-01 00:00:00.000001973,297059919.0
Euro area,1970-01-01 00:00:00.000001972,295189531.0
Euro area,1970-01-01 00:00:00.000001971,293192129.0
Euro area,1970-01-01 00:00:00.000001970,291544661.0
Euro area,1970-01-01 00:00:00.000001969,289911679.0
Euro area,1970-01-01 00:00:00.000001968,287907506.0
Euro area,1970-01-01 00:00:00.000001967,285908171.0
Euro area,1970-01-01 00:00:00.000001966,283803777.0
Euro area,1970-01-01 00:00:00.000001965,281432987.0
Euro area,1970-01-01 00:00:00.000001964,278953378.0
Euro area,1970-01-01 00:00:00.000001963,276517540.0
Euro area,1970-01-01 00:00:00.000001962,274105087.0
Euro area,1970-01-01 00:00:00.000001961,271727867.0
Euro area,1970-01-01 00:00:00.000001960,269385168.0
Europe & Central Asia,1970-01-01 00:00:00.000002022,920375568.0
Europe & Central Asia,1970-01-01 00:00:00.000002021,923564027.0
Europe & Central Asia,1970-01-01 00:00:00.000002020,922353365.0
Europe & Central Asia,1970-01-01 00:00:00.000002019,920277481.0
Europe & Central Asia,1970-01-01 00:00:00.000002018,917380453.0
Europe & Central Asia,1970-01-01 00:00:00.000002017,914078289.0
Europe & Central Asia,1970-01-01 00:00:00.000002016,910633273.0
Europe & Central Asia,1970-01-01 00:00:00.000002015,906695444.0
Europe & Central Asia,1970-01-01 00:00:00.000002014,902670860.0
Europe & Central Asia,1970-01-01 00:00:00.000002013,898607432.0
Europe & Central Asia,1970-01-01 00:00:00.000002012,894660467.0
Europe & Central Asia,1970-01-01 00:00:00.000002011,891329416.0
Europe & Central Asia,1970-01-01 00:00:00.000002010,889169629.0
Europe & Central Asia,1970-01-01 00:00:00.000002009,885659803.0
Europe & Central Asia,1970-01-01 00:00:00.000002008,882088404.0
Europe & Central Asia,1970-01-01 00:00:00.000002007,878456268.0
Europe & Central Asia,1970-01-01 00:00:00.000002006,875627934.0
Europe & Central Asia,1970-01-01 00:00:00.000002005,872913705.0
Europe & Central Asia,1970-01-01 00:00:00.000002004,870270838.0
Europe & Central Asia,1970-01-01 00:00:00.000002003,867701442.0
Europe & Central Asia,1970-01-01 00:00:00.000002002,865474170.0
Europe & Central Asia,1970-01-01 00:00:00.000002001,863909133.0
Europe & Central Asia,1970-01-01 00:00:00.000002000,862786211.0
Europe & Central Asia,1970-01-01 00:00:00.000001999,861848594.0
Europe & Central Asia,1970-01-01 00:00:00.000001998,860876126.0
Europe & Central Asia,1970-01-01 00:00:00.000001997,859711482.0
Europe & Central Asia,1970-01-01 00:00:00.000001996,858209225.0
Europe & Central Asia,1970-01-01 00:00:00.000001995,856511549.0
Europe & Central Asia,1970-01-01 00:00:00.000001994,854892657.0
Europe & Central Asia,1970-01-01 00:00:00.000001993,852735458.0
Europe & Central Asia,1970-01-01 00:00:00.000001992,849816712.0
Europe & Central Asia,1970-01-01 00:00:00.000001991,846364518.0
Europe & Central Asia,1970-01-01 00:00:00.000001990,842030509.0
Europe & Central Asia,1970-01-01 00:00:00.000001989,837807042.0
Europe & Central Asia,1970-01-01 00:00:00.000001988,832965846.0
Europe & Central Asia,1970-01-01 00:00:00.000001987,827666924.0
Europe & Central Asia,1970-01-01 00:00:00.000001986,822429830.0
Europe & Central Asia,1970-01-01 00:00:00.000001985,817313920.0
Europe & Central Asia,1970-01-01 00:00:00.000001984,812373901.0
Europe & Central Asia,1970-01-01 00:00:00.000001983,807523838.0
Europe & Central Asia,1970-01-01 00:00:00.000001982,802876253.0
Europe & Central Asia,1970-01-01 00:00:00.000001981,798088129.0
Europe & Central Asia,1970-01-01 00:00:00.000001980,792890531.0
Europe & Central Asia,1970-01-01 00:00:00.000001979,787502492.0
Europe & Central Asia,1970-01-01 00:00:00.000001978,782220413.0
Europe & Central Asia,1970-01-01 00:00:00.000001977,776918691.0
Europe & Central Asia,1970-01-01 00:00:00.000001976,771592697.0
Europe & Central Asia,1970-01-01 00:00:00.000001975,766169722.0
Europe & Central Asia,1970-01-01 00:00:00.000001974,760680926.0
Europe & Central Asia,1970-01-01 00:00:00.000001973,755000965.0
Europe & Central Asia,1970-01-01 00:00:00.000001972,749086046.0
Europe & Central Asia,1970-01-01 00:00:00.000001971,742959749.0
Europe & Central Asia,1970-01-01 00:00:00.000001970,737398504.0
Europe & Central Asia,1970-01-01 00:00:00.000001969,731787358.0
Europe & Central Asia,1970-01-01 00:00:00.000001968,725451120.0
Europe & Central Asia,1970-01-01 00:00:00.000001967,718884137.0
Europe & Central Asia,1970-01-01 00:00:00.000001966,712077088.0
Europe & Central Asia,1970-01-01 00:00:00.000001965,705233118.0
Europe & Central Asia,1970-01-01 00:00:00.000001964,697559598.0
Europe & Central Asia,1970-01-01 00:00:00.000001963,689682704.0
Europe & Central Asia,1970-01-01 00:00:00.000001962,681809362.0
Europe & Central Asia,1970-01-01 00:00:00.000001961,673957844.0
Europe & Central Asia,1970-01-01 00:00:00.000001960,666273660.0
Europe & Central Asia (excluding high income),1970-01-01 00:00:00.000002022,397824705.0
Europe & Central Asia (excluding high income),1970-01-01 00:00:00.000002021,401682855.0
Europe & Central Asia (excluding high income),1970-01-01 00:00:00.000002020,400061023.0
Europe & Central Asia (excluding high income),1970-01-01 00:00:00.000002019,398690076.0
Europe & Central Asia (excluding high income),1970-01-01 00:00:00.000002018,396674671.0
Europe & Central Asia (excluding high income),1970-01-01 00:00:00.000002017,394705361.0
Europe & Central Asia (excluding high income),1970-01-01 00:00:00.000002016,392579664.0
Europe & Central Asia (excluding high income),1970-01-01 00:00:00.000002015,390267733.0
Europe & Central Asia (excluding high income),1970-01-01 00:00:00.000002014,387912182.0
Europe & Central Asia (excluding high income),1970-01-01 00:00:00.000002013,385623200.0
Europe & Central Asia (excluding high income),1970-01-01 00:00:00.000002012,383374474.0
Europe & Central Asia (excluding high income),1970-01-01 00:00:00.000002011,381328678.0
Europe & Central Asia (excluding high income),1970-01-01 00:00:00.000002010,379079046.0
Europe & Central Asia (excluding high income),1970-01-01 00:00:00.000002009,376867673.0
Europe & Central Asia (excluding high income),1970-01-01 00:00:00.000002008,375012208.0
Europe & Central Asia (excluding high income),1970-01-01 00:00:00.000002007,373485209.0
Europe & Central Asia (excluding high income),1970-01-01 00:00:00.000002006,372780224.0
Europe & Central Asia (excluding high income),1970-01-01 00:00:00.000002005,372077135.0
Europe & Central Asia (excluding high income),1970-01-01 00:00:00.000002004,371533136.0
Europe & Central Asia (excluding high income),1970-01-01 00:00:00.000002003,371072025.0
Europe & Central Asia (excluding high income),1970-01-01 00:00:00.000002002,370807684.0
Europe & Central Asia (excluding high income),1970-01-01 00:00:00.000002001,370739184.0
Europe & Central Asia (excluding high income),1970-01-01 00:00:00.000002000,370646199.0
Europe & Central Asia (excluding high income),1970-01-01 00:00:00.000001999,370546751.0
Europe & Central Asia (excluding high income),1970-01-01 00:00:00.000001998,370591102.0
Europe & Central Asia (excluding high income),1970-01-01 00:00:00.000001997,370276347.0
Europe & Central Asia (excluding high income),1970-01-01 00:00:00.000001996,369661127.0
Europe & Central Asia (excluding high income),1970-01-01 00:00:00.000001995,368905312.0
Europe & Central Asia (excluding high income),1970-01-01 00:00:00.000001994,368354275.0
Europe & Central Asia (excluding high income),1970-01-01 00:00:00.000001993,367513928.0
Europe & Central Asia (excluding high income),1970-01-01 00:00:00.000001992,366266798.0
Europe & Central Asia (excluding high income),1970-01-01 00:00:00.000001991,364392348.0
Europe & Central Asia (excluding high income),1970-01-01 00:00:00.000001990,361859039.0
Europe & Central Asia (excluding high income),1970-01-01 00:00:00.000001989,359435266.0
Europe & Central Asia (excluding high income),1970-01-01 00:00:00.000001988,356321047.0
Europe & Central Asia (excluding high income),1970-01-01 00:00:00.000001987,352545820.0
Europe & Central Asia (excluding high income),1970-01-01 00:00:00.000001986,348685710.0
Europe & Central Asia (excluding high income),1970-01-01 00:00:00.000001985,344882487.0
Europe & Central Asia (excluding high income),1970-01-01 00:00:00.000001984,341087935.0
Europe & Central Asia (excluding high income),1970-01-01 00:00:00.000001983,337282816.0
Europe & Central Asia (excluding high income),1970-01-01 00:00:00.000001982,333758267.0
Europe & Central Asia (excluding high income),1970-01-01 00:00:00.000001981,330361478.0
Europe & Central Asia (excluding high income),1970-01-01 00:00:00.000001980,326937470.0
Europe & Central Asia (excluding high income),1970-01-01 00:00:00.000001979,323503833.0
Europe & Central Asia (excluding high income),1970-01-01 00:00:00.000001978,320113560.0
Europe & Central Asia (excluding high income),1970-01-01 00:00:00.000001977,316709884.0
Europe & Central Asia (excluding high income),1970-01-01 00:00:00.000001976,313279489.0
Europe & Central Asia (excluding high income),1970-01-01 00:00:00.000001975,309908273.0
Europe & Central Asia (excluding high income),1970-01-01 00:00:00.000001974,306715687.0
Europe & Central Asia (excluding high income),1970-01-01 00:00:00.000001973,303473218.0
Europe & Central Asia (excluding high income),1970-01-01 00:00:00.000001972,300232316.0
Europe & Central Asia (excluding high income),1970-01-01 00:00:00.000001971,296973298.0
Europe & Central Asia (excluding high income),1970-01-01 00:00:00.000001970,293778738.0
Europe & Central Asia (excluding high income),1970-01-01 00:00:00.000001969,290573749.0
Europe & Central Asia (excluding high income),1970-01-01 00:00:00.000001968,287193204.0
Europe & Central Asia (excluding high income),1970-01-01 00:00:00.000001967,283724914.0
Europe & Central Asia (excluding high income),1970-01-01 00:00:00.000001966,280229181.0
Europe & Central Asia (excluding high income),1970-01-01 00:00:00.000001965,276765568.0
Europe & Central Asia (excluding high income),1970-01-01 00:00:00.000001964,272634858.0
Europe & Central Asia (excluding high income),1970-01-01 00:00:00.000001963,268409373.0
Europe & Central Asia (excluding high income),1970-01-01 00:00:00.000001962,264183560.0
Europe & Central Asia (excluding high income),1970-01-01 00:00:00.000001961,259951519.0
Europe & Central Asia (excluding high income),1970-01-01 00:00:00.000001960,255726092.0
Europe & Central Asia (IDA & IBRD countries),1970-01-01 00:00:00.000002022,457549063.0
Europe & Central Asia (IDA & IBRD countries),1970-01-01 00:00:00.000002021,462431038.0
Europe & Central Asia (IDA & IBRD countries),1970-01-01 00:00:00.000002020,461273023.0
Europe & Central Asia (IDA & IBRD countries),1970-01-01 00:00:00.000002019,460092452.0
Europe & Central Asia (IDA & IBRD countries),1970-01-01 00:00:00.000002018,458211234.0
Europe & Central Asia (IDA & IBRD countries),1970-01-01 00:00:00.000002017,456393433.0
Europe & Central Asia (IDA & IBRD countries),1970-01-01 00:00:00.000002016,454426367.0
Europe & Central Asia (IDA & IBRD countries),1970-01-01 00:00:00.000002015,452273365.0
Europe & Central Asia (IDA & IBRD countries),1970-01-01 00:00:00.000002014,450071285.0
Europe & Central Asia (IDA & IBRD countries),1970-01-01 00:00:00.000002013,447902778.0
Europe & Central Asia (IDA & IBRD countries),1970-01-01 00:00:00.000002012,445763231.0
Europe & Central Asia (IDA & IBRD countries),1970-01-01 00:00:00.000002011,443820083.0
Europe & Central Asia (IDA & IBRD countries),1970-01-01 00:00:00.000002010,441664138.0
Europe & Central Asia (IDA & IBRD countries),1970-01-01 00:00:00.000002009,439691944.0
Europe & Central Asia (IDA & IBRD countries),1970-01-01 00:00:00.000002008,437985547.0
Europe & Central Asia (IDA & IBRD countries),1970-01-01 00:00:00.000002007,436798968.0
Europe & Central Asia (IDA & IBRD countries),1970-01-01 00:00:00.000002006,436426410.0
Europe & Central Asia (IDA & IBRD countries),1970-01-01 00:00:00.000002005,435872410.0
Europe & Central Asia (IDA & IBRD countries),1970-01-01 00:00:00.000002004,435471706.0
Europe & Central Asia (IDA & IBRD countries),1970-01-01 00:00:00.000002003,435154320.0
Europe & Central Asia (IDA & IBRD countries),1970-01-01 00:00:00.000002002,435070718.0
Europe & Central Asia (IDA & IBRD countries),1970-01-01 00:00:00.000002001,435418872.0
Europe & Central Asia (IDA & IBRD countries),1970-01-01 00:00:00.000002000,435816101.0
Europe & Central Asia (IDA & IBRD countries),1970-01-01 00:00:00.000001999,436191659.0
Europe & Central Asia (IDA & IBRD countries),1970-01-01 00:00:00.000001998,436294062.0
Europe & Central Asia (IDA & IBRD countries),1970-01-01 00:00:00.000001997,436014905.0
Europe & Central Asia (IDA & IBRD countries),1970-01-01 00:00:00.000001996,435461598.0
Europe & Central Asia (IDA & IBRD countries),1970-01-01 00:00:00.000001995,434804610.0
Europe & Central Asia (IDA & IBRD countries),1970-01-01 00:00:00.000001994,434279162.0
Europe & Central Asia (IDA & IBRD countries),1970-01-01 00:00:00.000001993,433339079.0
Europe & Central Asia (IDA & IBRD countries),1970-01-01 00:00:00.000001992,432000567.0
Europe & Central Asia (IDA & IBRD countries),1970-01-01 00:00:00.000001991,430328718.0
Europe & Central Asia (IDA & IBRD countries),1970-01-01 00:00:00.000001990,427949024.0
Europe & Central Asia (IDA & IBRD countries),1970-01-01 00:00:00.000001989,425325513.0
Europe & Central Asia (IDA & IBRD countries),1970-01-01 00:00:00.000001988,421958403.0
Europe & Central Asia (IDA & IBRD countries),1970-01-01 00:00:00.000001987,417903040.0
Europe & Central Asia (IDA & IBRD countries),1970-01-01 00:00:00.000001986,413700116.0
Europe & Central Asia (IDA & IBRD countries),1970-01-01 00:00:00.000001985,409518788.0
Europe & Central Asia (IDA & IBRD countries),1970-01-01 00:00:00.000001984,405312901.0
Europe & Central Asia (IDA & IBRD countries),1970-01-01 00:00:00.000001983,401073356.0
Europe & Central Asia (IDA & IBRD countries),1970-01-01 00:00:00.000001982,397098723.0
Europe & Central Asia (IDA & IBRD countries),1970-01-01 00:00:00.000001981,393224644.0
Europe & Central Asia (IDA & IBRD countries),1970-01-01 00:00:00.000001980,389318684.0
Europe & Central Asia (IDA & IBRD countries),1970-01-01 00:00:00.000001979,385436316.0
Europe & Central Asia (IDA & IBRD countries),1970-01-01 00:00:00.000001978,381611709.0
Europe & Central Asia (IDA & IBRD countries),1970-01-01 00:00:00.000001977,377714601.0
Europe & Central Asia (IDA & IBRD countries),1970-01-01 00:00:00.000001976,373723357.0
Europe & Central Asia (IDA & IBRD countries),1970-01-01 00:00:00.000001975,369729137.0
Europe & Central Asia (IDA & IBRD countries),1970-01-01 00:00:00.000001974,365914675.0
Europe & Central Asia (IDA & IBRD countries),1970-01-01 00:00:00.000001973,362136260.0
Europe & Central Asia (IDA & IBRD countries),1970-01-01 00:00:00.000001972,358396487.0
Europe & Central Asia (IDA & IBRD countries),1970-01-01 00:00:00.000001971,354649640.0
Europe & Central Asia (IDA & IBRD countries),1970-01-01 00:00:00.000001970,351105688.0
Europe & Central Asia (IDA & IBRD countries),1970-01-01 00:00:00.000001969,347522680.0
Europe & Central Asia (IDA & IBRD countries),1970-01-01 00:00:00.000001968,343653318.0
Europe & Central Asia (IDA & IBRD countries),1970-01-01 00:00:00.000001967,339584994.0
Europe & Central Asia (IDA & IBRD countries),1970-01-01 00:00:00.000001966,335436332.0
Europe & Central Asia (IDA & IBRD countries),1970-01-01 00:00:00.000001965,331523017.0
Europe & Central Asia (IDA & IBRD countries),1970-01-01 00:00:00.000001964,326946310.0
Europe & Central Asia (IDA & IBRD countries),1970-01-01 00:00:00.000001963,322144898.0
Europe & Central Asia (IDA & IBRD countries),1970-01-01 00:00:00.000001962,317365322.0
Europe & Central Asia (IDA & IBRD countries),1970-01-01 00:00:00.000001961,312638061.0
Europe & Central Asia (IDA & IBRD countries),1970-01-01 00:00:00.000001960,307910628.0
European Union,1970-01-01 00:00:00.000002022,447370510.0
European Union,1970-01-01 00:00:00.000002021,447178112.0
European Union,1970-01-01 00:00:00.000002020,447692315.0
European Union,1970-01-01 00:00:00.000002019,447367191.0
European Union,1970-01-01 00:00:00.000002018,447001100.0
European Union,1970-01-01 00:00:00.000002017,446215182.0
European Union,1970-01-01 00:00:00.000002016,445515422.0
European Union,1970-01-01 00:00:00.000002015,444570054.0
European Union,1970-01-01 00:00:00.000002014,443601373.0
European Union,1970-01-01 00:00:00.000002013,442496175.0
European Union,1970-01-01 00:00:00.000002012,441419873.0
European Union,1970-01-01 00:00:00.000002011,440769682.0
European Union,1970-01-01 00:00:00.000002010,441552554.0
European Union,1970-01-01 00:00:00.000002009,440934530.0
European Union,1970-01-01 00:00:00.000002008,439892213.0
European Union,1970-01-01 00:00:00.000002007,438484072.0
European Union,1970-01-01 00:00:00.000002006,437014860.0
European Union,1970-01-01 00:00:00.000002005,435600393.0
European Union,1970-01-01 00:00:00.000002004,434059923.0
European Union,1970-01-01 00:00:00.000002003,432434810.0
European Union,1970-01-01 00:00:00.000002002,430898141.0
European Union,1970-01-01 00:00:00.000002001,429910140.0
European Union,1970-01-01 00:00:00.000002000,429342455.0
European Union,1970-01-01 00:00:00.000001999,428828749.0
European Union,1970-01-01 00:00:00.000001998,428122323.0
European Union,1970-01-01 00:00:00.000001997,427549432.0
European Union,1970-01-01 00:00:00.000001996,426906931.0
European Union,1970-01-01 00:00:00.000001995,426212138.0
European Union,1970-01-01 00:00:00.000001994,425406851.0
European Union,1970-01-01 00:00:00.000001993,424347768.0
European Union,1970-01-01 00:00:00.000001992,422972438.0
European Union,1970-01-01 00:00:00.000001991,421744728.0
European Union,1970-01-01 00:00:00.000001990,420308868.0
European Union,1970-01-01 00:00:00.000001989,418925771.0
European Union,1970-01-01 00:00:00.000001988,417528527.0
European Union,1970-01-01 00:00:00.000001987,416199247.0
European Union,1970-01-01 00:00:00.000001986,414996545.0
European Union,1970-01-01 00:00:00.000001985,413866961.0
European Union,1970-01-01 00:00:00.000001984,412891310.0
European Union,1970-01-01 00:00:00.000001983,411956706.0
European Union,1970-01-01 00:00:00.000001982,410875285.0
European Union,1970-01-01 00:00:00.000001981,409490677.0
European Union,1970-01-01 00:00:00.000001980,407760829.0
European Union,1970-01-01 00:00:00.000001979,405879948.0
European Union,1970-01-01 00:00:00.000001978,404056840.0
European Union,1970-01-01 00:00:00.000001977,402170665.0
European Union,1970-01-01 00:00:00.000001976,400211366.0
European Union,1970-01-01 00:00:00.000001975,398096151.0
European Union,1970-01-01 00:00:00.000001974,395778659.0
European Union,1970-01-01 00:00:00.000001973,393386261.0
European Union,1970-01-01 00:00:00.000001972,390859355.0
European Union,1970-01-01 00:00:00.000001971,388229403.0
European Union,1970-01-01 00:00:00.000001970,386116472.0
European Union,1970-01-01 00:00:00.000001969,383958527.0
European Union,1970-01-01 00:00:00.000001968,381280912.0
European Union,1970-01-01 00:00:00.000001967,378512582.0
European Union,1970-01-01 00:00:00.000001966,375563155.0
European Union,1970-01-01 00:00:00.000001965,372533839.0
European Union,1970-01-01 00:00:00.000001964,369387359.0
European Union,1970-01-01 00:00:00.000001963,366152978.0
European Union,1970-01-01 00:00:00.000001962,362998792.0
European Union,1970-01-01 00:00:00.000001961,359937892.0
European Union,1970-01-01 00:00:00.000001960,356947129.0
Fragile and conflict affected situations,1970-01-01 00:00:00.000002022,1019139254.0
Fragile and conflict affected situations,1970-01-01 00:00:00.000002021,1001844479.0
Fragile and conflict affected situations,1970-01-01 00:00:00.000002020,979763631.0
Fragile and conflict affected situations,1970-01-01 00:00:00.000002019,957785553.0
Fragile and conflict affected situations,1970-01-01 00:00:00.000002018,936721531.0
Fragile and conflict affected situations,1970-01-01 00:00:00.000002017,916427867.0
Fragile and conflict affected situations,1970-01-01 00:00:00.000002016,896272698.0
Fragile and conflict affected situations,1970-01-01 00:00:00.000002015,876436311.0
Fragile and conflict affected situations,1970-01-01 00:00:00.000002014,857018106.0
Fragile and conflict affected situations,1970-01-01 00:00:00.000002013,837410155.0
Fragile and conflict affected situations,1970-01-01 00:00:00.000002012,817412582.0
Fragile and conflict affected situations,1970-01-01 00:00:00.000002011,797785010.0
Fragile and conflict affected situations,1970-01-01 00:00:00.000002010,778717407.0
Fragile and conflict affected situations,1970-01-01 00:00:00.000002009,759795159.0
Fragile and conflict affected situations,1970-01-01 00:00:00.000002008,741306396.0
Fragile and conflict affected situations,1970-01-01 00:00:00.000002007,723853346.0
Fragile and conflict affected situations,1970-01-01 00:00:00.000002006,707149927.0
Fragile and conflict affected situations,1970-01-01 00:00:00.000002005,690401342.0
Fragile and conflict affected situations,1970-01-01 00:00:00.000002004,674005044.0
Fragile and conflict affected situations,1970-01-01 00:00:00.000002003,658026690.0
Fragile and conflict affected situations,1970-01-01 00:00:00.000002002,641818620.0
Fragile and conflict affected situations,1970-01-01 00:00:00.000002001,626414685.0
Fragile and conflict affected situations,1970-01-01 00:00:00.000002000,612628069.0
Fragile and conflict affected situations,1970-01-01 00:00:00.000001999,599148682.0
Fragile and conflict affected situations,1970-01-01 00:00:00.000001998,585815261.0
Fragile and conflict affected situations,1970-01-01 00:00:00.000001997,573118372.0
Fragile and conflict affected situations,1970-01-01 00:00:00.000001996,560925893.0
Fragile and conflict affected situations,1970-01-01 00:00:00.000001995,548545703.0
Fragile and conflict affected situations,1970-01-01 00:00:00.000001994,534413493.0
Fragile and conflict affected situations,1970-01-01 00:00:00.000001993,519880341.0
Fragile and conflict affected situations,1970-01-01 00:00:00.000001992,506292313.0
Fragile and conflict affected situations,1970-01-01 00:00:00.000001991,493847579.0
Fragile and conflict affected situations,1970-01-01 00:00:00.000001990,483047361.0
Fragile and conflict affected situations,1970-01-01 00:00:00.000001989,470589503.0
Fragile and conflict affected situations,1970-01-01 00:00:00.000001988,460110602.0
Fragile and conflict affected situations,1970-01-01 00:00:00.000001987,450167244.0
Fragile and conflict affected situations,1970-01-01 00:00:00.000001986,440195317.0
Fragile and conflict affected situations,1970-01-01 00:00:00.000001985,430359853.0
Fragile and conflict affected situations,1970-01-01 00:00:00.000001984,420442959.0
Fragile and conflict affected situations,1970-01-01 00:00:00.000001983,410791308.0
Fragile and conflict affected situations,1970-01-01 00:00:00.000001982,401556230.0
Fragile and conflict affected situations,1970-01-01 00:00:00.000001981,392898821.0
Fragile and conflict affected situations,1970-01-01 00:00:00.000001980,384851768.0
Fragile and conflict affected situations,1970-01-01 00:00:00.000001979,376328233.0
Fragile and conflict affected situations,1970-01-01 00:00:00.000001978,367505626.0
Fragile and conflict affected situations,1970-01-01 00:00:00.000001977,359057264.0
Fragile and conflict affected situations,1970-01-01 00:00:00.000001976,350470843.0
Fragile and conflict affected situations,1970-01-01 00:00:00.000001975,341954459.0
Fragile and conflict affected situations,1970-01-01 00:00:00.000001974,333958141.0
Fragile and conflict affected situations,1970-01-01 00:00:00.000001973,326245504.0
Fragile and conflict affected situations,1970-01-01 00:00:00.000001972,318912229.0
Fragile and conflict affected situations,1970-01-01 00:00:00.000001971,311811738.0
Fragile and conflict affected situations,1970-01-01 00:00:00.000001970,304912795.0
Fragile and conflict affected situations,1970-01-01 00:00:00.000001969,298251790.0
Fragile and conflict affected situations,1970-01-01 00:00:00.000001968,291730814.0
Fragile and conflict affected situations,1970-01-01 00:00:00.000001967,285348867.0
Fragile and conflict affected situations,1970-01-01 00:00:00.000001966,279159120.0
Fragile and conflict affected situations,1970-01-01 00:00:00.000001965,273124351.0
Fragile and conflict affected situations,1970-01-01 00:00:00.000001964,267180143.0
Fragile and conflict affected situations,1970-01-01 00:00:00.000001963,261378272.0
Fragile and conflict affected situations,1970-01-01 00:00:00.000001962,255747541.0
Fragile and conflict affected situations,1970-01-01 00:00:00.000001961,250272662.0
Fragile and conflict affected situations,1970-01-01 00:00:00.000001960,245011384.0
Heavily indebted poor countries (HIPC),1970-01-01 00:00:00.000002022,884288332.0
Heavily indebted poor countries (HIPC),1970-01-01 00:00:00.000002021,861156745.0
Heavily indebted poor countries (HIPC),1970-01-01 00:00:00.000002020,838066650.0
Heavily indebted poor countries (HIPC),1970-01-01 00:00:00.000002019,815100831.0
Heavily indebted poor countries (HIPC),1970-01-01 00:00:00.000002018,792615894.0
Heavily indebted poor countries (HIPC),1970-01-01 00:00:00.000002017,770390212.0
Heavily indebted poor countries (HIPC),1970-01-01 00:00:00.000002016,748356635.0
Heavily indebted poor countries (HIPC),1970-01-01 00:00:00.000002015,727129254.0
Heavily indebted poor countries (HIPC),1970-01-01 00:00:00.000002014,706617213.0
Heavily indebted poor countries (HIPC),1970-01-01 00:00:00.000002013,686620331.0
Heavily indebted poor countries (HIPC),1970-01-01 00:00:00.000002012,667520863.0
Heavily indebted poor countries (HIPC),1970-01-01 00:00:00.000002011,648927117.0
Heavily indebted poor countries (HIPC),1970-01-01 00:00:00.000002010,630953183.0
Heavily indebted poor countries (HIPC),1970-01-01 00:00:00.000002009,613535903.0
Heavily indebted poor countries (HIPC),1970-01-01 00:00:00.000002008,596301357.0
Heavily indebted poor countries (HIPC),1970-01-01 00:00:00.000002007,579864063.0
Heavily indebted poor countries (HIPC),1970-01-01 00:00:00.000002006,563930944.0
Heavily indebted poor countries (HIPC),1970-01-01 00:00:00.000002005,547936900.0
Heavily indebted poor countries (HIPC),1970-01-01 00:00:00.000002004,532571131.0
Heavily indebted poor countries (HIPC),1970-01-01 00:00:00.000002003,517663749.0
Heavily indebted poor countries (HIPC),1970-01-01 00:00:00.000002002,502494432.0
Heavily indebted poor countries (HIPC),1970-01-01 00:00:00.000002001,488040621.0
Heavily indebted poor countries (HIPC),1970-01-01 00:00:00.000002000,475127894.0
Heavily indebted poor countries (HIPC),1970-01-01 00:00:00.000001999,462533086.0
Heavily indebted poor countries (HIPC),1970-01-01 00:00:00.000001998,449883034.0
Heavily indebted poor countries (HIPC),1970-01-01 00:00:00.000001997,437721228.0
Heavily indebted poor countries (HIPC),1970-01-01 00:00:00.000001996,425839678.0
Heavily indebted poor countries (HIPC),1970-01-01 00:00:00.000001995,413913354.0
Heavily indebted poor countries (HIPC),1970-01-01 00:00:00.000001994,402287229.0
Heavily indebted poor countries (HIPC),1970-01-01 00:00:00.000001993,390576688.0
Heavily indebted poor countries (HIPC),1970-01-01 00:00:00.000001992,378502714.0
Heavily indebted poor countries (HIPC),1970-01-01 00:00:00.000001991,367531126.0
Heavily indebted poor countries (HIPC),1970-01-01 00:00:00.000001990,358121820.0
Heavily indebted poor countries (HIPC),1970-01-01 00:00:00.000001989,348860257.0
Heavily indebted poor countries (HIPC),1970-01-01 00:00:00.000001988,339527267.0
Heavily indebted poor countries (HIPC),1970-01-01 00:00:00.000001987,330566338.0
Heavily indebted poor countries (HIPC),1970-01-01 00:00:00.000001986,321846502.0
Heavily indebted poor countries (HIPC),1970-01-01 00:00:00.000001985,313452117.0
Heavily indebted poor countries (HIPC),1970-01-01 00:00:00.000001984,305097813.0
